ds,y,day_of_week,month,is_month_end,rolling_7d_avg,rolling_30d_avg
2023-01-01,906772.15,6,1,0,906772.15,906772.15
2023-01-02,1484272.8599999999,0,1,0,1195522.505,1195522.505
2023-01-03,1484294.32,1,1,0,1291779.7766666666,1291779.7766666666
2023-01-04,1707167.81,2,1,0,1395626.785,1395626.785
2023-01-05,3301953.0900000003,3,1,0,1776892.046,1776892.046
2023-01-06,1716928.0999999999,4,1,0,1766898.055,1766898.055
2023-01-07,2130332.63,5,1,0,1818817.28,1818817.28
2023-01-08,2827900.13,6,1,0,2093264.1342857142,1944952.63625
2023-01-09,1520961.12,0,1,0,2098505.314285714,1897842.467777778
2023-01-10,1948030.98,1,1,0,2164753.4085714286,1902861.3190000001
2023-01-11,2483264.87,2,1,0,2275624.4171428573,1955625.278181818
2023-01-12,2339312.33,3,1,0,2138104.3085714285,1987599.1991666667
2023-01-13,2242921.97,4,1,0,2213246.29,2007239.4123076922
2023-01-14,3020449.67,5,1,0,2340405.867142857,2079611.5735714287
2023-01-15,2520997.15,6,1,0,2296562.584285714,2109037.2786666667
2023-01-16,2338173.46,0,1,0,2413307.2042857143,2123358.29
2023-01-17,1881823.84,1,1,0,2403849.041428571,2109150.3811764703
2023-01-18,1910215.11,2,1,0,2321984.79,2098098.421666667
2023-01-19,1461852.08,3,1,0,2196633.3257142855,2064611.7721052633
2023-01-20,2418410.66,4,1,0,2221703.1385714286,2082301.7164999999
2023-01-21,3315133.43,5,1,0,2263800.818571429,2141007.9885714287
2023-01-22,1687822.38,6,1,0,2144775.8514285716,2120408.6427272726
2023-01-23,1676138.04,0,1,0,2050199.3628571427,2101092.5295652174
2023-01-24,1892742.31,1,1,0,2051759.1442857143,2092411.2704166668
2023-01-25,2784455.8000000003,2,1,0,2176650.6714285715,2120093.0516
2023-01-26,1493691.85,3,1,0,2181199.21,2096000.6976923076
2023-01-27,1958463.06,4,1,0,2115492.41,2090906.7111111113
2023-01-28,1525342.37,5,1,0,1859807.9728571433,2070707.9846428572
2023-01-29,1828998.08,6,1,0,1879975.9300000002,2062373.1603448275
2023-01-30,1301965.29,0,1,0,1826522.6800000002,2037026.2313333333
2023-01-31,2074328.1400000001,1,1,1,1852463.512857143,2075944.7643333334
2023-02-01,890597.89,2,2,0,1581912.3828571427,2056155.5986666668
2023-02-02,2086468.5,3,2,0,1666594.7614285718,2076228.0713333334
2023-02-03,1017503.16,4,2,0,1532171.9185714286,2053239.2496666668
2023-02-04,566881.62,5,2,0,1395248.9542857143,1962070.2006666667
2023-02-05,1144959.9300000002,6,2,0,1297529.2185714287,1943004.595
2023-02-06,1412981.33,0,2,0,1313388.652857143,1919092.8850000002
2023-02-07,1138809.07,1,2,0,1179743.0714285714,1862789.8496666665
2023-02-08,1540151.48,2,2,0,1272536.4414285715,1863429.5283333333
2023-02-09,2048847.8499999999,3,2,0,1267162.0628571429,1866790.0906666669
2023-02-10,2292659.43,4,2,0,1449327.2442857143,1860436.5760000001
2023-02-11,1478549.1,5,2,0,1579565.4557142858,1831744.4683333335
2023-02-12,1716293.3800000001,6,2,0,1661184.5199999998,1814190.182
2023-02-13,1838872.45,0,2,0,1722026.1085714286,1774804.2746666668
2023-02-14,753410.58,1,2,0,1666969.1814285717,1715884.7223333335
2023-02-15,2201264.46,2,2,0,1761413.892857143,1711321.0890000002
2023-02-16,1897429.71,3,2,0,1739782.7300000002,1711841.284666667
2023-02-17,1382515.55,4,2,0,1609762.1757142856,1694251.2993333333
2023-02-18,1413856.53,5,2,0,1600520.3800000001,1692651.4476666667
2023-02-19,1299547.13,6,2,0,1540985.2014285715,1655355.9966666668
2023-02-20,2220366.52,0,2,0,1595484.3542857144,1618863.7663333334
2023-02-21,2012953.77,1,2,0,1775419.0957142857,1629701.4793333334
2023-02-22,1504525.08,2,2,0,1675884.8985714286,1623981.0473333334
2023-02-23,2104105.81,3,2,0,1705410.0557142857,1631026.4973333334
2023-02-24,1473156.25,4,2,0,1718358.7271428572,1587316.5123333335
2023-02-25,1772833.83,5,2,0,1769641.1985714287,1596621.245
2023-02-26,1527764.8,6,2,0,1802243.722857143,1582264.636333333
2023-02-27,836649.09,0,2,0,1604569.8042857142,1559308.1936666667
2023-02-28,1426010.91,1,2,1,1520720.8242857142,1545875.288
2023-03-01,2531212.87,2,3,0,1667390.5085714285,1586850.2073333333
2023-03-02,960308.07,3,3,0,1503990.8314285714,1549716.2050000003
2023-03-03,2630020.62,4,3,0,1669257.1700000002,1607696.9626666668
2023-03-04,1793402.52,5,3,0,1672195.5542857142,1597928.096666667
2023-03-05,929940.13,6,3,0,1586792.03,1595009.329
2023-03-06,1499067.14,0,3,0,1681423.18,1626082.1796666668
2023-03-07,680510.66,1,3,0,1574923.1442857143,1610600.5373333334
2023-03-08,1198143.12,2,3,0,1384484.6085714288,1603439.2636666666
2023-03-09,1392476.63,3,3,0,1446222.9742857143,1611894.8490000002
2023-03-10,1301803.34,4,3,0,1256477.6485714284,1603949.9109999998
2023-03-11,1506264.9400000002,5,3,0,1215457.9942857143,1585863.814
2023-03-12,2289518.66,6,3,0,1409683.4985714287,1585759.1216666666
2023-03-13,1397330.7,0,3,0,1395149.7214285715,1583051.8416666666
2023-03-14,985328.66,1,3,0,1438695.1500000001,1558686.351
2023-03-15,1407936.83,2,3,0,1468665.6800000002,1544321.8303333332
2023-03-16,2849712.96,3,3,0,1676842.2985714285,1614198.5763333333
2023-03-17,2016176.89,4,3,0,1778895.662857143,1608028.9906666665
2023-03-18,1936827.6,5,3,0,1840404.6142857145,1609342.2536666666
2023-03-19,2875664.05,6,3,0,1924139.6700000002,1659113.8703333333
2023-03-20,1208520.07,0,3,0,1897166.7228571426,1652269.3216666665
2023-03-21,1059279.01,1,3,0,1907731.0585714285,1644260.3843333335
2023-03-22,2413166.3,2,3,0,2051335.2685714287,1650687.0436666668
2023-03-23,1217745.97,3,3,0,1818197.1271428573,1624180.1169999999
2023-03-24,1531784.9000000001,4,3,0,1748998.2714285713,1625088.7776666665
2023-03-25,1985991.38,5,3,0,1756021.6685714286,1621151.63
2023-03-26,1648922.06,6,3,0,1580772.8128571429,1627010.4903333334
2023-03-27,1434236.51,0,3,0,1613018.0185714287,1615723.913
2023-03-28,1408687.88,1,3,0,1662933.5714285714,1611754.6823333337
2023-03-29,1231564.97,2,3,0,1494133.3814285714,1624918.5450000002
2023-03-30,1420762.34,3,3,0,1523135.72,1624743.5926666667
2023-03-31,1068440.1300000001,4,3,1,1456943.61,1575984.5013333333
2023-04-01,2451155.11,5,4,0,1523395.5714285714,1625679.4026666665
2023-04-02,1406007.75,6,4,0,1488693.527142857,1584878.9736666668
2023-04-03,1721346.67,0,4,0,1529709.2642857141,1582477.112
2023-04-04,1399566.2,1,4,0,1528406.167142857,1598131.3143333334
2023-04-05,1537319.92,2,4,0,1572085.4457142856,1599406.4070000001
2023-04-06,1975648.32,3,4,0,1651354.8714285714,1642577.6623333332
2023-04-07,1764015.07,4,4,0,1750722.72,1661440.0606666666
2023-04-08,1966730.42,5,4,0,1681519.1928571428,1680581.8536666667
2023-04-09,2076749.88,6,4,0,1777339.4971428572,1706413.405
2023-04-10,2130258.71,0,4,0,1835755.5028571428,1727213.197333333
2023-04-11,1692136.84,1,4,0,1877551.3085714285,1707300.47
2023-04-12,2114538.89,2,4,0,1960011.1614285714,1731207.4096666665
2023-04-13,1398363.76,3,4,0,1877541.9385714286,1744975.2463333334
2023-04-14,842241.55,4,4,0,1745860.0071428572,1726118.737
2023-04-15,921639.25,5,4,0,1596561.2685714287,1661849.6133333333
2023-04-16,1369195.54,6,4,0,1495482.077142857,1640283.5683333336
2023-04-17,1737657.14,0,4,0,1439396.1385714286,1633644.5529999998
2023-04-18,2515684.13,1,4,0,1557045.7514285718,1621645.2223333335
2023-04-19,2005662.6600000001,2,4,0,1541492.0042857144,1648216.6420000002
2023-04-20,1504593.69,3,4,0,1556667.7085714287,1663060.4646666667
2023-04-21,1060135.93,4,4,0,1587795.4771428572,1617959.4523333334
2023-04-22,1347696.78,5,4,0,1648660.8385714286,1622291.1460000002
2023-04-23,1244599.6300000001,6,4,0,1630861.422857143,1612718.3036666666
2023-04-24,1987694.2,0,4,0,1666581.0028571428,1612775.0643333334
2023-04-25,2186481.64,1,4,0,1619552.075714286,1630693.717
2023-04-26,1292058.99,2,4,0,1517608.6942857145,1625954.4663333334
2023-04-27,2362634.0100000002,3,4,0,1640185.8828571427,1657752.6706666665
2023-04-28,1175306.3,4,4,0,1656638.7928571429,1655877.3816666666
2023-04-29,1854628.78,5,4,0,1729057.6500000001,1670339.5963333333
2023-04-30,1626977.26,6,4,1,1783683.0257142857,1688957.5006666668
2023-05-01,2802669.2199999997,0,5,0,1900108.0285714285,1700674.6376666666
2023-05-02,1500576.06,1,5,0,1802121.517142857,1703826.9146666666
2023-05-03,1512544.97,2,5,0,1833619.5142857141,1696866.8579999998
2023-05-04,1793504.92,3,5,0,1752315.3585714286,1709998.1486666666
2023-05-05,933922.99,4,5,0,1717832.0285714285,1689884.9176666667
2023-05-06,1347459.88,5,5,0,1645379.3285714283,1668945.303
2023-05-07,1510431.86,6,5,0,1628729.9857142859,1660492.5293333335
2023-05-08,2324122.65,0,5,0,1560366.1899999997,1672405.6036666667
2023-05-09,993006.77,1,5,0,1487856.2914285716,1636280.8333333333
2023-05-10,2133649.31,2,5,0,1576585.4828571428,1636393.8533333333
2023-05-11,2311472.8,3,5,0,1650580.8942857143,1657038.3853333334
2023-05-12,2060580.55,4,5,0,1811531.9742857143,1655239.774
2023-05-13,1036253.55,5,5,0,1767073.927142857,1643169.4336666665
2023-05-14,762519.08,6,5,0,1660229.244285714,1640512.0180000002
2023-05-15,1428527.5899999999,0,5,0,1532287.0928571427,1657408.296
2023-05-16,2198518.08,1,5,0,1704502.994285714,1685052.3806666664
2023-05-17,1474664.94,2,5,0,1610362.3699999999,1676285.9740000002
2023-05-18,1509009.76,3,5,0,1495724.7928571429,1642730.1616666666
2023-05-19,1533353.57,4,5,0,1420406.652857143,1626986.5253333333
2023-05-20,1588379.08,5,5,0,1499281.7285714287,1629779.3716666666
2023-05-21,1631919.43,6,5,0,1623481.7785714287,1648838.8216666665
2023-05-22,1551282.61,0,5,0,1641018.2100000002,1655625.0159999998
2023-05-23,2260338.71,1,5,0,1649849.7285714287,1689482.9853333335
2023-05-24,2368867.56,2,5,0,1777592.9599999997,1702188.764
2023-05-25,2248939.86,3,5,0,1883297.26,1704270.7046666667
2023-05-26,2354374.15,4,5,0,2000585.914285714,1739681.21
2023-05-27,1648886.33,5,5,0,2009229.8071428572,1715889.6206666667
2023-05-28,2067357.6300000001,6,5,0,2071435.2642857141,1745624.665
2023-05-29,1649901.13,0,5,0,2085523.6242857142,1738800.4100000001
2023-05-30,1798226.17,1,5,0,2019507.5471428572,1744508.7069999997
2023-05-31,2143720.7,2,5,1,1987343.7100000002,1722543.7563333332
2023-06-01,2173505.03,3,6,0,1976567.3057142855,1744974.722
2023-06-02,1942878.72,4,6,0,1917782.2442857143,1759319.1803333336
2023-06-03,2512482.8,5,6,0,2041153.1685714286,1783285.1096666667
2023-06-04,1524969.47,6,6,0,1963669.1457142856,1802986.6590000002
2023-06-05,1633548.39,0,6,0,1961333.0400000003,1812522.9426666663
2023-06-06,1852824.66,1,6,0,1969132.8242857144,1823936.0359999998
2023-06-07,1507047.25,2,6,0,1878179.4742857143,1796700.1893333334
2023-06-08,1280796.8,3,6,0,1750649.7271428572,1806293.1903333333
2023-06-09,1170388.88,4,6,0,1640294.0357142857,1774184.5093333335
2023-06-10,2257965.18,5,6,0,1603934.3757142855,1772400.922
2023-06-11,1447342.94,6,6,0,1592844.8714285714,1751959.6683333332
2023-06-12,1766346.23,0,6,0,1611815.9914285713,1776296.0910000002
2023-06-13,853432.49,1,6,0,1469045.6814285715,1779326.5379999997
2023-06-14,1151375.59,2,6,0,1418235.4442857143,1770088.138
2023-06-15,1524744.83,3,6,0,1453085.162857143,1747629.0296666666
2023-06-16,1247850.23,4,6,0,1464151.07,1740068.5393333333
2023-06-17,1241106.55,5,6,0,1318885.5514285713,1731138.4323333332
2023-06-18,929571.7,6,6,0,1244918.2314285715,1711012.37
2023-06-19,1087532.17,0,6,0,1147944.7942857144,1694317.473
2023-06-20,1173760.62,1,6,0,1193705.9557142856,1679045.5126666666
2023-06-21,1917101.0999999999,2,6,0,1303095.3142857142,1691239.4623333334
2023-06-22,1308694.15,3,6,0,1272230.9314285715,1659517.9770000002
2023-06-23,963695.52,4,6,0,1231637.4014285712,1612678.9089999998
2023-06-24,2930960.2800000003,5,6,0,1473045.077142857,1635412.923
2023-06-25,1493686.53,6,6,0,1553632.9100000001,1606723.3356666667
2023-06-26,1860441.48,0,6,0,1664048.525714286,1613775.174
2023-06-27,1035367.81,1,6,0,1644278.1242857142,1579375.5133333332
2023-06-28,1264100.5,2,6,0,1550992.3242857142,1566515.4923333332
2023-06-29,1352101.89,3,6,0,1557193.43,1551644.683
2023-06-30,1793118.72,4,6,1,1675682.4585714287,1539957.9503333333
2023-07-01,1836772.27,5,7,0,1519369.8857142855,1528733.525
2023-07-02,1487430.0,6,7,0,1518476.0957142857,1513551.901
2023-07-03,1155236.23,0,7,0,1417732.4885714285,1468310.3486666668
2023-07-04,1382782.76,1,7,0,1467363.1957142858,1463570.7916666667
2023-07-05,2448076.34,2,7,0,1636502.6014285716,1490721.7233333334
2023-07-06,1307240.1600000001,3,7,0,1630093.7828571429,1472535.5733333335
2023-07-07,1244745.17,4,7,0,1551754.7042857143,1463792.1706666665
2023-07-08,1798548.85,5,7,0,1546294.2157142856,1481050.5723333333
2023-07-09,1785128.19,6,7,0,1588822.5285714285,1501541.8826666665
2023-07-10,2007549.02,0,7,0,1710581.4985714282,1493194.6773333333
2023-07-11,1945293.08,1,7,0,1790940.1157142855,1509793.0153333333
2023-07-12,1785075.08,2,7,0,1696225.6500000001,1510417.3103333334
2023-07-13,1944367.58,3,7,0,1787243.8528571427,1546781.8133333335
2023-07-14,1828738.68,4,7,0,1870671.4971428572,1569360.583
2023-07-15,1894042.68,5,7,0,1884313.472857143,1581670.5113333336
2023-07-16,1166959.9,6,7,0,1796003.7171428571,1578974.167
2023-07-17,1504494.49,0,7,0,1724138.7842857144,1587753.7650000001
2023-07-18,1456925.27,1,7,0,1654371.9542857145,1605332.217333333
2023-07-19,1714257.69,2,7,0,1644255.1842857145,1626223.0680000002
2023-07-20,1446103.3,3,7,0,1573074.5728571431,1635301.1573333333
2023-07-21,2106967.1,4,7,0,1612821.49,1641630.024
2023-07-22,1070034.68,5,7,0,1495106.0614285714,1633674.7083333333
2023-07-23,2287650.01,6,7,0,1655204.6485714286,1677806.5246666668
2023-07-24,1163756.97,0,7,0,1606527.86,1618899.7476666667
2023-07-25,2125034.25,1,7,0,1701972.0,1639944.6716666666
2023-07-26,1315004.97,2,7,0,1644935.897142857,1621763.4546666665
2023-07-27,1435502.44,3,7,0,1643421.4885714285,1635101.2756666667
2023-07-28,1738268.05,4,7,0,1590750.1957142856,1650906.8606666666
2023-07-29,2337822.94,5,7,0,1771862.8042857142,1683764.2289999998
2023-07-30,1141955.43,6,7,0,1608192.15,1662058.7859999998
2023-07-31,1226772.99,0,7,1,1617194.4385714284,1641725.4766666666
2023-08-01,2705340.02,1,8,0,1700095.2628571428,1682322.4773333333
2023-08-02,3085327.07,2,8,0,1952998.42,1746658.8386666668
2023-08-03,1415578.51,3,8,0,1950152.1442857143,1747752.0303333332
2023-08-04,1630704.8900000001,4,8,0,1934785.9785714285,1720506.3153333333
2023-08-05,764448.59,5,8,0,1710018.2142857143,1702413.2629999998
2023-08-06,1319903.03,6,8,0,1735439.3000000003,1704918.525
2023-08-07,1271882.19,0,8,0,1741883.4714285715,1687362.9696666668
2023-08-08,1617921.59,1,8,0,1586537.9814285715,1681789.4163333334
2023-08-09,1410023.46,2,8,0,1347208.8942857143,1661871.8976666667
2023-08-10,1699344.79,3,8,0,1387746.934285714,1653673.6213333334
2023-08-11,1566265.58,4,8,0,1378541.3185714285,1646379.9713333333
2023-08-12,1847291.91,5,8,0,1533233.2214285715,1643144.1156666665
2023-08-13,2512738.31,6,8,0,1703638.261428571,1665944.103333333
2023-08-14,1504097.48,0,8,0,1736811.8742857142,1652945.93
2023-08-15,1758675.74,1,8,0,1756919.6099999999,1672669.7913333334
2023-08-16,1339037.6600000001,2,8,0,1746778.7814285716,1667154.5636666666
2023-08-17,1121725.8800000001,3,8,0,1664261.7942857144,1655981.2506666668
2023-08-18,1762870.97,4,8,0,1692348.2785714285,1657601.6933333331
2023-08-19,1816750.26,5,8,0,1687985.1857142858,1669956.592
2023-08-20,945528.16,6,8,0,1464098.0214285715,1631241.9606666667
2023-08-21,2261109.31,0,8,0,1572242.5685714285,1670944.4483333332
2023-08-22,1666215.8,1,8,0,1559034.005714286,1650229.9746666667
2023-08-23,1545158.95,2,8,0,1588479.9042857143,1662943.374
2023-08-24,3165049.82,3,8,0,1880383.3242857142,1697610.5596666667
2023-08-25,1020581.9099999999,4,8,0,1774342.03,1687796.4576666667
2023-08-26,1686252.75,5,8,0,1755699.5285714285,1696154.8013333334
2023-08-27,2669245.63,6,8,0,2001944.8814285717,1727187.3873333335
2023-08-28,1870921.17,0,8,0,1946203.7185714287,1711623.995
2023-08-29,1813554.75,1,8,0,1967252.1400000001,1734010.639
2023-08-30,1541042.8800000001,2,8,0,1966664.1300000001,1744486.3020000001
2023-08-31,1843028.6500000001,3,8,1,1777803.9628571428,1715742.5896666667
2023-09-01,1776417.4000000001,4,9,0,1885780.4614285715,1672112.2673333331
2023-09-02,1490588.94,5,9,0,1857828.4885714285,1674612.615
2023-09-03,1232534.99,6,9,0,1652584.1114285714,1661340.285
2023-09-04,2423987.39,0,9,0,1731593.5714285714,1716658.245
2023-09-05,1986884.4300000002,1,9,0,1756354.9542857143,1738890.9583333333
2023-09-06,2243187.76,2,9,0,1856661.3657142858,1771267.8106666666
2023-09-07,1854580.65,3,9,0,1858311.6514285714,1779156.446
2023-09-08,2085889.07,4,9,0,1902521.8900000001,1801685.2996666667
2023-09-09,2061039.54,5,9,0,1984014.832857143,1813741.7913333334
2023-09-10,2955871.46,6,9,0,2230205.757142857,1860061.9873333336
2023-09-11,2363132.8,0,9,0,2221512.2442857143,1877256.6836666665
2023-09-12,1045775.02,1,9,0,2087068.0428571426,1828357.9073333335
2023-09-13,1342405.73,2,9,0,1958384.8957142856,1822968.1823333332
2023-09-14,1787383.1400000001,3,9,0,1948785.2514285713,1823925.0956666665
2023-09-15,1979249.42,4,9,0,1933551.0157142857,1845265.4876666667
2023-09-16,1499312.31,5,9,0,1853304.2685714285,1857851.702
2023-09-17,2155528.68,6,9,0,1738969.5857142857,1870940.2923333335
2023-09-18,2478253.88,0,9,0,1755415.4542857143,1892990.413
2023-09-19,1644089.19,1,9,0,1840888.9071428573,1916275.7806666668
2023-09-20,2265748.08,2,9,0,1972794.9571428571,1916430.4063333336
2023-09-21,1943106.12,3,9,0,1995041.097142857,1925660.0836666666
2023-09-22,2057840.8800000001,4,9,0,2006268.4485714287,1942749.4813333335
2023-09-23,1846548.14,5,9,0,2055873.5671428572,1898799.4253333334
2023-09-24,1495427.4,6,9,0,1961573.3842857142,1914627.6083333334
2023-09-25,1671587.75,0,9,0,1846335.3657142858,1914138.775
2023-09-26,2419962.18,1,9,0,1957174.3642857145,1905829.326666667
2023-09-27,2178829.56,2,9,0,1944757.4328571428,1916092.9396666668
2023-09-28,2001278.17,3,9,0,1953067.7257142856,1922350.3869999999
2023-09-29,2053090.55,4,9,0,1952389.107142857,1939418.6426666668
2023-09-30,1346057.8199999998,5,9,1,1880890.49,1922852.9483333335
2023-10-01,1660105.52,6,10,0,1904415.9357142858,1918975.8856666668
2023-10-02,3269441.31,0,10,0,2132680.73,1978270.9646666667
2023-10-03,2633078.91,1,10,0,2163125.977142857,2024955.7619999999
2023-10-04,2417047.62,2,10,0,2197157.128571429,2024724.4363333334
2023-10-05,2537254.71,3,10,0,2273725.205714286,2043070.1123333336
2023-10-06,1927511.46,4,10,0,2255785.3357142857,2032547.569
2023-10-07,2511948.74,5,10,0,2422341.1814285717,2054459.8386666665
2023-10-08,1693884.58,6,10,0,2427166.7614285713,2041393.0223333335
2023-10-09,2390507.9,0,10,0,2301604.845714286,2052375.301
2023-10-10,2887000.91,1,10,0,2337879.4171428573,2050079.616
2023-10-11,2503092.5300000003,2,10,0,2350171.547142857,2054744.9403333333
2023-10-12,2413256.44,3,10,0,2332457.5085714287,2100327.654333333
2023-10-13,2244693.58,4,10,0,2377769.2399999998,2130403.916
2023-10-14,2278208.28,5,10,0,2344377.745714286,2146764.754
2023-10-15,1804764.94,6,10,0,2360217.797142857,2140948.6046666666
2023-10-16,2258281.06,0,10,0,2341328.2485714285,2166247.563
2023-10-17,3301487.06,1,10,0,2400540.555714286,2204446.1756666666
2023-10-18,1716121.21,2,10,0,2288116.0814285716,2179041.7533333334
2023-10-19,2205310.43,3,10,0,2258409.5085714282,2197749.128
2023-10-20,2986508.12,4,10,0,2364383.0142857144,2221774.4626666666
2023-10-21,2118110.03,5,10,0,2341511.8357142857,2227607.9263333334
2023-10-22,2802504.36,6,10,0,2484046.0385714285,2252430.0423333333
2023-10-23,2635932.32,0,10,0,2537996.2185714287,2278742.8483333336
2023-10-24,2858397.25,1,10,0,2474697.674285714,2324175.1766666668
2023-10-25,2839676.79,2,10,0,2635205.6142857145,2363111.478
2023-10-26,2539297.85,3,10,0,2682918.1028571427,2367089.333666667
2023-10-27,1655967.1,4,10,0,2492840.814285714,2349660.5850000004
2023-10-28,2405485.66,5,10,0,2533894.4757142854,2363134.168
2023-10-29,3473297.43,6,10,0,2629722.0571428575,2410474.3973333333
2023-10-30,2346048.39,0,10,0,2588310.067142857,2443807.416333333
2023-10-31,2208288.75,1,10,1,2495437.424285714,2462080.1906666667
2023-11-01,2034923.92,2,11,0,2380472.728571429,2420929.611
2023-11-02,1621016.3900000001,3,11,0,2249289.6628571427,2387194.1936666667
2023-11-03,2977793.42,4,11,0,2438121.9942857143,2405885.720333333
2023-11-04,2264825.54,5,11,0,2418027.6914285715,2396804.7480000006
2023-11-05,3013381.06,6,11,0,2352325.352857143,2433000.401333333
2023-11-06,1477046.52,0,11,0,2228182.2285714285,2398503.660666667
2023-11-07,2214561.01,1,11,0,2229078.2657142854,2415859.5416666665
2023-11-08,2400649.74,2,11,0,2281324.8114285716,2416197.603
2023-11-09,3659700.1100000003,3,11,0,2572565.3428571424,2441954.2430000002
2023-11-10,1704224.61,4,11,0,2390626.9414285715,2415325.3123333333
2023-11-11,2175749.79,5,11,0,2377901.834285714,2407408.424
2023-11-12,2641208.28,6,11,0,2324734.294285714,2420625.580666667
2023-11-13,1292408.28,0,11,0,2298357.402857143,2387765.580666667
2023-11-14,3430941.89,1,11,0,2472126.1000000006,2441971.4790000003
2023-11-15,2858336.34,2,11,0,2537509.9,2461973.321666667
2023-11-16,3381170.1799999997,3,11,0,2497719.9099999997,2464629.4256666666
2023-11-17,2897546.6,4,11,0,2668194.48,2504010.272
2023-11-18,2927708.14,5,11,0,2775617.1014285716,2528090.1956666666
2023-11-19,2787129.01,6,11,0,2796462.9199999995,2521444.225333333
2023-11-20,2500279.59,0,11,0,2969015.964285714,2534183.2106666663
2023-11-21,1841303.68,1,11,0,2741924.791428571,2502143.188
2023-11-22,2793235.78,2,11,0,2732624.7114285715,2507386.636666667
2023-11-23,2630978.0300000003,3,11,0,2625454.404285714,2499805.9960000003
2023-11-24,2553172.54,4,11,0,2576258.11,2490255.854333333
2023-11-25,2784672.24,5,11,0,2555824.41,2498435.0006666672
2023-11-26,1341861.6,6,11,0,2349357.637142857,2487964.817333333
2023-11-27,2664504.4699999997,0,11,0,2372818.334285714,2496598.7776666665
2023-11-28,2907567.36,1,11,0,2525141.717142857,2477741.108666667
2023-11-29,2878718.77,2,11,0,2537353.5728571424,2495496.788
2023-11-30,3486229.89,3,11,1,2659532.41,2538094.826
2023-12-01,1709932.05,4,12,0,2539069.482857143,2527261.7636666666
2023-12-02,2342821.0,5,12,0,2475947.8771428573,2551321.9173333333
2023-12-03,1650254.66,6,12,0,2520004.0285714283,2507070.6253333334
2023-12-04,3186796.83,0,12,0,2594617.2228571433,2537803.0016666665
2023-12-05,2488673.73,1,12,0,2534775.2757142857,2520312.7573333336
2023-12-06,1528656.2,2,12,0,2341909.194285714,2522033.0799999996
2023-12-07,1459489.55,3,12,0,2052374.8599999999,2496864.031333334
2023-12-08,2037861.73,4,12,0,2099221.957142857,2484771.0976666664
2023-12-09,2752672.46,5,12,0,2157772.165714286,2454536.8426666665
2023-12-10,1999614.28,6,12,0,2207680.6828571428,2464383.165
2023-12-11,2660955.59,0,12,0,2132560.5057142857,2480556.691666667
2023-12-12,2894445.89,1,12,0,2190527.957142857,2488997.945333333
2023-12-13,2222064.94,2,12,0,2289586.3485714286,2519986.5006666672
2023-12-14,2097655.86,3,12,0,2380752.964285714,2475543.6330000004
2023-12-15,2221192.39,4,12,0,2406943.0585714285,2454305.501333333
2023-12-16,1809771.15,5,12,0,2272242.871428571,2401925.533666667
2023-12-17,2557659.02,6,12,0,2351963.5485714287,2390595.9476666665
2023-12-18,2092788.94,0,12,0,2270796.8842857145,2362765.307666667
2023-12-19,2998830.65,1,12,0,2285708.992857143,2369822.029
2023-12-20,1639563.19,2,12,0,2202494.457142857,2341131.482333333
2023-12-21,2517468.15,3,12,0,2262467.641428571,2363670.298
2023-12-22,2025630.34,4,12,0,2234530.205714286,2338083.45
2023-12-23,1930028.8699999999,5,12,0,2251709.88,2314718.4779999997
2023-12-24,2180043.38,6,12,0,2197764.7885714285,2302280.8393333335
2023-12-25,1502349.16,0,12,0,2113416.2485714285,2259536.7366666663
2023-12-26,2021089.4,1,12,0,1973738.927142857,2282177.663333333
2023-12-27,1764616.23,2,12,0,1991603.647142857,2252181.3886666666
2023-12-28,2686292.46,3,12,0,2015721.4057142858,2244805.558666667
2023-12-29,3052931.9,4,12,0,2162478.771428571,2250612.663
2023-12-30,1302878.98,5,12,0,2072885.93,2177834.299333333
2023-12-31,2509426.47,6,12,1,2119940.657142857,2204484.1133333333
2024-01-01,2672884.62,0,1,0,2287160.0085714287,2215486.2339999997
2024-01-02,1588787.87,1,1,0,2225402.6471428573,2213437.341
2024-01-03,3255105.4899999998,2,1,0,2438329.6842857143,2215714.2963333335
2024-01-04,1797478.57,3,1,0,2311356.271428571,2192674.4576666667
2024-01-05,1689676.1500000001,4,1,0,2116605.45,2198041.7893333333
2024-01-06,1529702.9,5,1,0,2149008.867142857,2200382.2343333336
2024-01-07,2375446.66,6,1,0,2129868.8942857143,2211635.0653333333
2024-01-08,3509819.58,0,1,0,2249431.0314285713,2236873.302666667
2024-01-09,1764075.1099999999,1,1,0,2274472.0657142857,2229021.997
2024-01-10,1969309.02,2,1,0,2090786.8557142855,2205967.1113333334
2024-01-11,1629401.04,3,1,0,2066775.78,2163798.9496666663
2024-01-12,2643606.65,4,1,0,2203051.5657142857,2177850.3400000003
2024-01-13,1717804.28,5,1,0,2229923.1914285715,2165188.6206666664
2024-01-14,2337345.06,6,1,0,2224480.1057142857,2169060.376333333
2024-01-15,2165115.05,0,1,0,2032379.4585714287,2180905.173
2024-01-16,2611421.16,1,1,0,2153428.8942857147,2182697.2443333333
2024-01-17,2576536.46,2,1,0,2240175.6714285715,2198822.1616666666
2024-01-18,2910553.03,3,1,0,2423197.3842857145,2195879.5743333334
2024-01-19,2495534.61,4,1,0,2402044.2357142856,2224411.955
2024-01-20,2388155.84,5,1,0,2497808.7442857143,2220101.5446666665
2024-01-21,2033035.32,6,1,0,2454335.924285714,2220348.3773333333
2024-01-22,2920223.56,0,1,0,2562208.5685714283,2253354.8669999996
2024-01-23,1546195.78,1,1,0,2410033.514285714,2232226.6136666667
2024-01-24,2349272.11,2,1,0,2377567.1785714286,2260457.378666667
2024-01-25,2379420.61,3,1,0,2301691.1185714286,2272401.7523333333
2024-01-26,1910182.83,4,1,0,2218069.4357142854,2277253.9723333335
2024-01-27,2556430.2600000002,5,1,0,2242108.6385714286,2272925.232333333
2024-01-28,2148972.16,6,1,0,2258671.044285714,2242793.241
2024-01-29,2471822.7399999998,0,1,0,2194613.7842857144,2281758.033
2024-01-30,2667929.22,1,1,0,2354861.4185714284,2287041.4579999996
2024-01-31,2758722.5100000002,2,1,1,2413354.332857143,2289902.7210000004
2024-02-01,1169875.59,3,2,0,2240562.1871428574,2275938.978333333
2024-02-02,1701408.78,4,2,0,2210737.322857143,2224149.088
2024-02-03,1419465.24,5,2,0,2048313.7485714287,2211548.643666667
2024-02-04,1319254.28,6,2,0,1929782.6228571427,2199201.248
2024-02-05,1189977.19,0,2,0,1746661.83,2187877.0576666663
2024-02-06,2259664.23,1,2,0,1688338.26,2184017.6433333335
2024-02-07,2651782.86,2,2,0,1673061.167142857,2155416.419333333
2024-02-08,2023860.5,3,2,0,1795059.0114285715,2164075.9323333334
2024-02-09,1442030.0699999998,4,2,0,1758004.9100000001,2146499.9673333336
2024-02-10,1561941.93,5,2,0,1778358.722857143,2144251.3303333335
2024-02-11,977004.05,6,2,0,1729465.832857143,2088697.910333333
2024-02-12,1256889.0,0,2,0,1739024.6628571427,2073334.0676666668
2024-02-13,1163702.7,1,2,0,1582458.7300000002,2034212.6556666668
2024-02-14,2635059.35,2,2,0,1580069.657142857,2049877.4656666669
2024-02-15,1464620.6099999999,3,2,0,1500178.244285714,2011650.7806666668
2024-02-16,1087004.99,4,2,0,1449460.3757142858,1961999.7316666665
2024-02-17,1494190.75,5,2,0,1439781.6357142855,1914787.6556666666
2024-02-18,888853.13,6,2,0,1427188.6471428573,1861231.6063333333
2024-02-19,1278507.4,0,2,0,1430276.99,1824243.325
2024-02-20,1695278.57,1,2,0,1506216.4,1812984.7666666666
2024-02-21,1666995.59,2,2,0,1367921.577142857,1771210.501
2024-02-22,1308942.81,3,2,0,1345681.8914285714,1763302.0686666665
2024-02-23,1727851.55,4,2,0,1437231.4000000001,1742588.05
2024-02-24,2798714.64,5,2,0,1623591.9557142858,1756564.5176666668
2024-02-25,2109285.27,6,2,0,1797939.4042857143,1763201.2656666667
2024-02-26,1547332.52,0,2,0,1836342.9928571428,1729564.6743333335
2024-02-27,1323980.13,1,2,0,1783300.3585714288,1702064.9400000002
2024-02-28,2233325.14,2,2,0,1864204.58,1694115.0199999998
2024-02-29,2251088.51,3,2,1,1998796.822857143,1680220.3296666667
2024-03-01,1884832.97,4,3,0,2021222.74,1651090.6783333335
2024-03-02,2826577.9899999998,5,3,0,2025203.2185714282,1706314.0916666666
2024-03-03,1284435.48,6,3,0,1907367.5342857142,1692414.9816666667
2024-03-04,1384291.09,0,3,0,1884075.9014285712,1691242.51
2024-03-05,1817143.29,1,3,0,1954527.7814285716,1707838.8103333334
2024-03-06,1066441.94,2,3,0,1787830.1814285715,1703720.9686666667
2024-03-07,2502460.41,3,3,0,1823740.4528571428,1711814.1746666664
2024-03-08,1912695.31,4,3,0,1827720.7871428572,1687177.923
2024-03-09,1289602.88,5,3,0,1608152.914285714,1662702.669
2024-03-10,2123970.86,6,3,0,1728086.5400000003,1685434.0286666667
2024-03-11,2772180.31,0,3,0,1926356.4285714286,1725775.3079999997
2024-03-12,1729578.66,1,3,0,1913847.1957142856,1750861.1283333334
2024-03-13,1595886.99,2,3,0,1989482.2028571428,1762161.0613333334
2024-03-14,1944343.04,3,3,0,1909751.1500000001,1788182.406
2024-03-15,2335249.39,4,3,0,1970116.0185714285,1778188.7406666665
2024-03-16,1697647.05,5,3,0,2028408.0428571429,1785956.2886666665
2024-03-17,1112915.1600000001,6,3,0,1883971.5142857146,1786819.9610000001
2024-03-18,1702508.39,0,3,0,1731161.24,1793763.8823333334
2024-03-19,1196197.03,1,3,0,1654963.8642857145,1804008.679
2024-03-20,1371293.5,2,3,0,1622879.08,1807101.5489999999
2024-03-21,1257082.95,3,3,0,1524699.067142857,1792495.0283333333
2024-03-22,882797.86,4,3,0,1317205.9914285715,1766355.1039999998
2024-03-23,1664883.95,5,3,0,1312525.5485714285,1778219.8086666667
2024-03-24,2107616.48,6,3,0,1454625.7371428572,1790878.6396666665
2024-03-25,1292997.82,0,3,0,1396124.2271428572,1740688.079
2024-03-26,2148079.17,1,3,0,1532107.3900000001,1741981.209
2024-03-27,1479383.34,2,3,0,1547548.7957142857,1739716.2363333332
2024-03-28,2198886.96,3,3,0,1682092.2257142856,1768879.7973333332
2024-03-29,1642206.07,4,3,0,1790579.1128571427,1749175.8283333334
2024-03-30,1270559.35,5,3,0,1734247.027142857,1716491.5229999998
2024-03-31,1475797.46,6,3,1,1643987.167142857,1702857.006
2024-04-01,1418475.67,0,4,0,1661912.5742857142,1655920.2619999999
2024-04-02,1510973.02,1,4,0,1570897.4100000001,1663471.5133333332
2024-04-03,1812862.88,2,4,0,1618537.344285714,1677757.2396666668
2024-04-04,2228457.94,3,4,0,1622761.77,1691467.728
2024-04-05,1735390.25,4,4,0,1636073.7957142857,1713766.005
2024-04-06,1065167.38,5,4,0,1606732.0857142857,1665856.2373333336
2024-04-07,2089051.22,6,4,0,1694339.7657142857,1671734.7676666668
2024-04-08,1092093.01,0,4,0,1647713.6714285712,1665151.1053333331
2024-04-09,2340443.12,1,4,0,1766209.4,1672366.8473333332
2024-04-10,1067786.58,2,4,0,1659769.9285714286,1615553.7230000002
2024-04-11,1227117.07,3,4,0,1516721.2328571428,1598805.0033333334
2024-04-12,1962793.83,4,4,0,1549207.4585714284,1611035.2313333333
2024-04-13,1018343.66,5,4,0,1542518.3557142857,1580168.5853333331
2024-04-14,1762719.54,6,4,0,1495899.5442857142,1561084.2569999998
2024-04-15,1203557.75,0,4,0,1511823.0785714288,1544614.6136666664
2024-04-16,2032797.39,1,4,0,1467873.6885714286,1575277.3546666664
2024-04-17,1833215.54,2,4,0,1577220.682857143,1579634.2596666669
2024-04-18,2421500.02,3,4,0,1747846.8185714285,1620477.6926666668
2024-04-19,1175750.91,4,4,0,1635412.1157142858,1613959.6063333335
2024-04-20,1675570.89,5,4,0,1729301.72,1627909.204333333
2024-04-21,1880562.13,6,4,0,1746136.3757142858,1661168.0133333332
2024-04-22,1010017.4299999999,0,4,0,1718487.7585714285,1639339.129333333
2024-04-23,1537911.65,1,4,0,1647789.7957142857,1620348.9683333333
2024-04-24,1716168.69,2,4,0,1631068.817142857,1634454.664
2024-04-25,1570998.6,3,4,0,1509568.6142857142,1615218.6449999998
2024-04-26,1318104.04,4,4,0,1529904.7757142857,1609842.6683333335
2024-04-27,1577116.09,5,4,0,1515839.8042857142,1589116.9726666666
2024-04-28,1456755.8800000001,6,4,0,1455296.0542857144,1582935.2996666667
2024-04-29,1433298.3699999999,0,4,0,1515764.76,1588359.9336666665
2024-04-30,1015573.9400000001,1,4,1,1441145.087142857,1573019.1496666665
2024-05-01,1005048.97,2,5,0,1339556.5557142857,1559238.2596666666
2024-05-02,1368518.59,3,5,0,1310630.8399999999,1554489.7786666667
2024-05-03,1171449.83,4,5,0,1289680.2385714285,1533109.3436666664
2024-05-04,1242310.73,5,5,0,1241850.9014285714,1500237.77
2024-05-05,2022111.94,6,5,0,1322616.052857143,1509795.1596666665
2024-05-06,1108769.08,0,5,0,1276254.7257142856,1511248.5496666664
2024-05-07,1701810.83,1,5,0,1374288.567142857,1498340.5366666666
2024-05-08,2266723.07,2,5,0,1554527.7242857143,1537494.8720000002
2024-05-09,2129682.54,3,5,0,1663265.4314285717,1530469.5193333335
2024-05-10,1313486.03,4,5,0,1683556.3171428572,1538659.501
2024-05-11,2164665.51,5,5,0,1815321.2857142857,1569911.1156666665
2024-05-12,1821364.09,6,5,0,1786643.0214285713,1565196.791
2024-05-13,1506620.55,0,5,0,1843478.9457142858,1581472.6873333335
2024-05-14,2619775.21,1,5,0,1974616.714285714,1610041.2096666666
2024-05-15,1349680.81,2,5,0,1843610.677142857,1614911.9783333333
2024-05-16,1204187.0,3,5,0,1711397.0285714285,1587291.632
2024-05-17,2210845.32,4,5,0,1839591.2128571428,1599879.2913333331
2024-05-18,1137370.3399999999,5,5,0,1692834.76,1557074.9686666667
2024-05-19,2011624.51,6,5,0,1720014.82,1584937.4219999998
2024-05-20,1604861.19,0,5,0,1734049.197142857,1582580.4319999998
2024-05-21,2100043.32,1,5,0,1659801.7842857144,1589896.4716666667
2024-05-22,1870630.08,2,5,0,1734223.1085714286,1618583.5599999998
2024-05-23,1474150.94,3,5,0,1772789.3857142855,1616458.2030000002
2024-05-24,1345975.15,4,5,0,1649236.5042857141,1604118.4183333332
2024-05-25,1994567.87,5,5,0,1771693.2942857142,1618237.394
2024-05-26,1592003.07,6,5,0,1711747.3742857142,1627367.3616666666
2024-05-27,1403755.42,0,5,0,1683017.9785714285,1621588.6726666666
2024-05-28,2371363.82,1,5,0,1721778.05,1652075.6039999998
2024-05-29,1335352.31,2,5,0,1645309.7971428572,1648810.7353333335
2024-05-30,1910007.24,3,5,0,1707574.982857143,1678625.1786666666
2024-05-31,1682937.51,4,5,1,1755712.4628571428,1701221.4633333334
2024-06-01,1080568.18,5,6,0,1625141.0785714288,1691623.1163333333
2024-06-02,1600382.21,6,6,0,1626338.0985714286,1705920.8623333336
2024-06-03,1238637.7,0,6,0,1602749.852857143,1705798.4279999998
2024-06-04,1671822.2,1,6,0,1502815.3357142857,1694122.1033333333
2024-06-05,1428424.98,2,6,0,1516111.4314285715,1704777.3
2024-06-06,1385648.8,3,6,0,1441203.0828571427,1694238.5656666667
2024-06-07,1362776.45,4,6,0,1395465.7885714285,1664107.0116666665
2024-06-08,1054868.03,5,6,0,1391794.3385714286,1628279.8613333332
2024-06-09,1394063.28,6,6,0,1362320.2057142856,1630965.7696666666
2024-06-10,1086090.63,0,6,0,1340527.7671428572,1595013.2736666666
2024-06-11,2116685.19,1,6,0,1404079.6228571427,1604857.3103333334
2024-06-12,1742514.48,2,6,0,1448949.5514285713,1612720.4413333333
2024-06-13,2112575.22,3,6,0,1552796.1828571428,1595813.775
2024-06-14,1829146.1300000001,4,6,0,1619420.422857143,1611795.9523333334
2024-06-15,1354302.61,5,6,0,1662196.7914285716,1616799.806
2024-06-16,1228766.67,6,6,0,1638582.99,1584063.851
2024-06-17,1893448.69,0,6,0,1753919.8557142857,1609266.4626666666
2024-06-18,1957797.37,1,6,0,1731221.595714286,1607472.2246666667
2024-06-19,2032150.1199999999,2,6,0,1772598.1157142858,1621715.189
2024-06-20,1473833.86,3,6,0,1681349.3499999999,1600841.5403333334
2024-06-21,1449161.85,4,6,0,1627065.8814285714,1586792.5993333333
2024-06-22,1495070.5899999999,5,6,0,1647175.592857143,1587489.9209999999
2024-06-23,871426.45,6,6,0,1596126.99,1571671.631
2024-06-24,910932.69,0,6,0,1455767.5614285714,1535550.4583333333
2024-06-25,2762558.81,1,6,0,1570733.4814285713,1574568.983
2024-06-26,1797993.56,2,6,0,1537282.5442857144,1587710.2543333333
2024-06-27,1602557.94,3,6,0,1555671.6985714284,1562083.3916666666
2024-06-28,2052957.23,4,6,0,1641928.1814285715,1586003.5556666665
2024-06-29,2333429.33,5,6,0,1761693.7157142856,1600117.6253333336
2024-06-30,1241005.3599999999,6,6,1,1814490.7028571428,1585386.5536666666
2024-07-01,1795922.0,0,7,0,1940917.7471428572,1609231.681
2024-07-02,1471989.77,1,7,0,1756550.7414285713,1604951.9329999997
2024-07-03,1250825.66,2,7,0,1678383.8985714284,1605358.1983333335
2024-07-04,2933000.2600000002,3,7,0,1868447.087142857,1647397.467
2024-07-05,981957.14,4,7,0,1715447.0742857142,1632515.2056666666
2024-07-06,1763802.58,5,7,0,1634071.8242857142,1645120.3316666665
2024-07-07,931871.2,6,7,0,1589909.8014285716,1630756.8233333335
2024-07-08,1481853.59,0,7,0,1545042.8857142858,1644989.6753333332
2024-07-09,1181737.35,1,7,0,1503578.2542857144,1637912.1443333332
2024-07-10,1382076.43,2,7,0,1522328.3642857145,1647778.3376666666
2024-07-11,890570.91,3,7,0,1230552.742857143,1606907.8616666668
2024-07-12,1373916.15,4,7,0,1286546.8871428573,1594621.2506666668
2024-07-13,1769806.3900000001,5,7,0,1287404.5742857142,1583195.623
2024-07-14,2234921.9699999997,6,7,0,1473554.684285714,1596721.4843333333
2024-07-15,1643877.49,0,7,0,1496700.9557142856,1606373.9803333334
2024-07-16,1316617.48,1,7,0,1515969.5457142857,1609302.3406666666
2024-07-17,1073273.09,2,7,0,1471854.7828571426,1581963.154
2024-07-18,1062574.08,3,7,0,1496426.664285714,1552122.3776666666
2024-07-19,1914176.93,4,7,0,1573606.7757142857,1548189.938
2024-07-20,1825926.7,5,7,0,1581623.9628571428,1559926.3660000002
2024-07-21,1627476.65,6,7,0,1494846.0599999998,1565870.1926666668
2024-07-22,1923559.87,0,7,0,1534800.6857142858,1580153.1686666668
2024-07-23,1438025.27,1,7,0,1552144.6557142858,1599039.796
2024-07-24,2123773.41,2,7,0,1702216.1300000001,1639467.82
2024-07-25,1357379.8699999999,3,7,0,1744331.242857143,1592628.522
2024-07-26,875086.34,4,7,0,1595889.7300000002,1561864.9479999999
2024-07-27,1939981.21,5,7,0,1612183.2314285713,1573112.3903333333
2024-07-28,2094229.47,6,7,0,1678862.2057142856,1574488.1316666668
2024-07-29,2024709.53,0,7,0,1693312.157142857,1564197.4716666667
2024-07-30,1764353.74,1,7,0,1739930.51,1581642.4176666667
2024-07-31,1524865.53,2,7,1,1654372.2414285715,1572607.202
2024-08-01,2639015.61,3,8,0,1837463.0614285714,1611508.0633333335
2024-08-02,1641966.59,4,8,0,1947017.3828571427,1624546.0943333332
2024-08-03,1426437.78,5,8,0,1873654.0357142857,1574327.345
2024-08-04,1481804.82,6,8,0,1786164.8,1590988.9343333333
2024-08-05,1896216.78,0,8,0,1767808.692857143,1595402.7410000002
2024-08-06,2679146.02,1,8,0,1898493.3042857144,1653645.2349999999
2024-08-07,1988122.77,2,8,0,1964672.9100000001,1670520.8743333335
2024-08-08,1555942.88,3,8,0,1809948.2342857143,1682994.3920000002
2024-08-09,1878953.55,4,8,0,1843803.5142857141,1699556.9626666668
2024-08-10,1655797.25,5,8,0,1876569.152857143,1725064.5073333334
2024-08-11,2085640.86,6,8,0,1962831.4442857143,1748788.6643333333
2024-08-12,3646401.79,0,8,0,2212857.8742857142,1811341.8443333332
2024-08-13,1476111.41,1,8,0,2040995.7871428572,1786048.1590000002
2024-08-14,2279312.94,2,8,0,2082594.3828571427,1807229.3406666666
2024-08-15,1848331.22,3,8,0,2124364.145714286,1824953.132
2024-08-16,2674696.1,4,8,0,2238041.652857143,1878333.899
2024-08-17,1419045.78,5,8,0,2204220.0142857144,1890216.289
2024-08-18,1168727.24,6,8,0,2073232.354285714,1865367.9659999998
2024-08-19,1364510.84,0,8,0,1747247.9328571428,1849987.4373333333
2024-08-20,2209515.46,1,8,0,1852019.94,1869388.731
2024-08-21,2155274.23,2,8,0,1834300.1242857145,1877112.543
2024-08-22,1753605.52,3,8,0,1820767.8814285714,1887631.8846666666
2024-08-23,1186424.51,4,8,0,1608157.6542857143,1856386.9213333332
2024-08-24,1428540.5,5,8,0,1609514.0428571429,1858758.9423333332
2024-08-25,1642531.26,6,8,0,1677200.3314285714,1884340.4396666666
2024-08-26,2676119.24,0,8,0,1864572.9600000002,1908878.374
2024-08-27,2022712.45,1,8,0,1837886.815714286,1906494.4733333334
2024-08-28,2245089.64,2,8,0,1850717.5885714288,1913840.4770000002
2024-08-29,995320.1,3,8,0,1742391.1,1888206.0223333335
2024-08-30,1497905.6,4,8,0,1786888.3985714286,1887307.3579999998
2024-08-31,1450533.86,5,8,1,1790030.3071428572,1847691.2996666664
2024-09-01,2352363.16,6,9,0,1891434.8642857145,1871371.1853333334
2024-09-02,1412424.44,0,9,0,1710907.035714286,1870904.074
2024-09-03,1677407.91,1,9,0,1661577.815714286,1877424.1770000001
2024-09-04,2778405.06,2,9,0,1737765.7328571428,1906830.4530000002
2024-09-05,2686234.89,3,9,0,1979324.9885714285,1907066.7486666667
2024-09-06,1651304.0,4,9,0,2001239.0457142857,1895839.4563333332
2024-09-07,1125525.03,5,9,0,1954809.2128571433,1881492.1946666667
2024-09-08,2173975.9,6,9,0,1929325.3185714285,1891326.2729999998
2024-09-09,1761654.19,0,9,0,1979215.2828571429,1894854.8376666668
2024-09-10,2500719.7,1,9,0,2096831.2528571428,1908690.7989999999
2024-09-11,1907504.54,2,9,0,1972416.8928571432,1850727.5573333337
2024-09-12,2107571.16,3,9,0,1889750.645714286,1871776.2156666666
2024-09-13,2496081.55,4,9,0,2010433.152857143,1879001.836
2024-09-14,2868648.04,5,9,0,2259450.725714286,1913012.396666667
2024-09-15,1355559.32,6,9,0,2142534.0714285714,1869041.170666667
2024-09-16,1073061.54,0,9,0,2044163.6928571428,1857508.3626666667
2024-09-17,2263843.15,1,9,0,2010324.1857142858,1894012.2263333336
2024-09-18,2147105.26,2,9,0,2044552.8599999999,1920098.707
2024-09-19,1999084.05,3,9,0,2029054.7014285715,1913084.326666667
2024-09-20,1503137.1400000001,4,9,0,1887205.5,1891346.4236666667
2024-09-21,1772816.1199999999,5,9,0,1730658.082857143,1891986.777
2024-09-22,2414104.7399999998,6,9,0,1881878.857142857,1932909.4513333335
2024-09-23,2587743.41,0,9,0,2098261.9814285715,1971549.5483333333
2024-09-24,1564235.32,1,9,0,1998318.0057142857,1968939.6836666667
2024-09-25,2353774.52,2,9,0,2027842.1857142858,1958194.859666667
2024-09-26,1937016.91,3,9,0,2018975.4514285713,1955338.3416666666
2024-09-27,2103949.61,4,9,0,2104805.804285714,1950633.6739999999
2024-09-28,2020817.55,5,9,0,2140234.5799999996,1984816.9223333332
2024-09-29,2652288.11,6,9,0,2174260.7757142857,2023296.3393333335
2024-09-30,1954816.7,0,9,1,2083842.6742857143,2040105.7673333334
2024-10-01,3371639.35,1,10,0,2342043.25,2074081.6403333333
2024-10-02,2638527.81,2,10,0,2382722.2914285716,2114951.7526666666
2024-10-03,1970731.41,3,10,0,2387538.648571429,2124729.202666667
2024-10-04,1037892.93,4,10,0,2235244.8371428573,2066712.1316666666
2024-10-05,1678445.27,5,10,0,2186334.5114285713,2033119.1443333335
2024-10-06,2531174.26,6,10,0,2169032.532857143,2062448.1530000002
2024-10-07,1926189.12,0,10,0,2164942.8785714284,2089136.956
2024-10-08,1669428.85,1,10,0,1921769.95,2072318.7210000001
2024-10-09,1968342.95,2,10,0,1826029.2557142857,2079208.3463333333
2024-10-10,2277753.68,3,10,0,1869889.5799999998,2071776.1456666668
2024-10-11,2733564.82,4,10,0,2112128.4214285715,2099311.4883333333
2024-10-12,3230712.85,5,10,0,2333880.932857143,2136749.544666667
2024-10-13,3801833.52,6,10,0,2515403.6842857143,2180274.6103333333
2024-10-14,2731262.55,0,10,0,2630414.174285714,2175695.0939999996
2024-10-15,2346558.57,1,10,0,2727146.9914285713,2208728.402333333
2024-10-16,3308375.2800000003,2,10,0,2918580.181428571,2283238.8603333333
2024-10-17,2022394.1600000001,3,10,0,2882100.25,2275190.5606666664
2024-10-18,3150670.84,4,10,0,2941686.8242857144,2308642.746666667
2024-10-19,1692142.92,5,10,0,2721891.12,2298411.3756666672
2024-10-20,1202832.5,6,10,0,2350605.2600000002,2288401.221
2024-10-21,4236152.33,0,10,0,2565589.5142857144,2370512.4280000003
2024-10-22,2271806.35,1,10,0,2554910.6257142858,2365769.1483333334
2024-10-23,3677340.21,2,10,0,2607619.9014285714,2402089.041666666
2024-10-24,3011530.6,3,10,0,2748925.1071428573,2450332.2176666665
2024-10-25,2215139.39,4,10,0,2615277.757142857,2445711.046666667
2024-10-26,2321353.12,5,10,0,2705164.9285714286,2458522.2536666673
2024-10-27,2685357.03,6,10,0,2916954.1471428573,2477902.5009999997
2024-10-28,2609051.92,0,10,0,2684511.231428571,2497510.313333333
2024-10-29,2324386.56,1,10,0,2692022.69,2486580.2616666663
2024-10-30,2139219.51,2,10,0,2472291.161428571,2492727.022
2024-10-31,1283826.92,3,10,1,2225476.35,2423133.2743333336
2024-11-01,2078168.9,4,11,0,2205909.137142857,2404454.644
2024-11-02,2288268.13,5,11,0,2201182.71,2415039.2013333337
2024-11-03,2461543.47,6,11,0,2169209.3442857144,2462494.2193333334
2024-11-04,2226311.02,0,11,0,2114532.072857143,2480756.411
2024-11-05,2789975.43,1,11,0,2181044.7685714285,2489383.1166666667
2024-11-06,1465645.77,2,11,0,2084819.9485714287,2474031.671666667
2024-11-07,1252277.48,3,11,0,2080312.8857142855,2460126.6259999997
2024-11-08,2466642.96,4,11,0,2135809.18,2476736.6263333336
2024-11-09,1961256.87,5,11,0,2089093.2857142857,2466186.7326666666
2024-11-10,2604715.11,6,11,0,2109546.3771428573,2461891.7423333335
2024-11-11,1776288.9200000002,0,11,0,2045257.505714286,2413410.944666667
2024-11-12,2848504.72,1,11,0,2053618.8328571431,2381633.3180000004
2024-11-13,3172398.92,2,11,0,2297440.7114285715,2396337.8636666667
2024-11-14,3088860.4699999997,3,11,0,2559809.71,2421081.2603333336
2024-11-15,1853439.35,4,11,0,2472209.194285714,2372583.3959999997
2024-11-16,3912090.35,5,11,0,2750899.6914285715,2435573.269
2024-11-17,3001606.05,6,11,0,2807598.3971428573,2430604.4426666666
2024-11-18,2561098.55,0,11,0,2919714.0585714285,2459569.6303333337
2024-11-19,2262909.6,1,11,0,2836057.612857143,2494905.533666666
2024-11-20,1914765.21,2,11,0,2656395.654285714,2417525.963
2024-11-21,2256382.66,3,11,0,2537470.2528571426,2417011.8400000003
2024-11-22,2265079.88,4,11,0,2596276.042857143,2369936.495666667
2024-11-23,3402023.29,5,11,0,2523409.32,2382952.918666667
2024-11-24,1458108.81,6,11,0,2302909.714285714,2357718.566
2024-11-25,2500164.71,0,11,0,2294204.88,2363678.952333333
2024-11-26,2258137.93,1,11,0,2293523.212857143,2349438.315666667
2024-11-27,2762776.97,2,11,0,2414667.75,2354562.484
2024-11-28,1505432.74,3,11,0,2307389.19,2327264.0233333334
2024-11-29,2432875.0500000003,4,11,0,2331359.9285714286,2337052.541333333
2024-11-30,3109802.24,5,11,1,2289614.0642857146,2397918.3853333336
2024-12-01,3290424.57,6,12,0,2551373.458571429,2438326.907666667
2024-12-02,1585565.06,0,12,0,2420716.3657142855,2414903.472
2024-12-03,2438867.82,1,12,0,2446534.9214285715,2414147.6169999996
2024-12-04,2819007.36,2,12,0,2454567.834285714,2433904.1616666666
2024-12-05,2355206.18,3,12,0,2575964.04,2419411.8533333335
2024-12-06,2293835.16,4,12,0,2556101.1985714287,2447018.166333333
2024-12-07,1718640.66,5,12,0,2357363.83,2462563.6056666668
2024-12-08,1835656.85,6,12,0,2149539.87,2441530.7353333333
2024-12-09,1895496.29,0,12,0,2193815.7600000002,2439338.7159999995
2024-12-10,2112198.75,1,12,0,2147148.75,2422921.5039999997
2024-12-11,1868312.54,2,12,0,2011335.2042857145,2425988.9579999996
2024-12-12,1939537.5100000002,3,12,0,1951953.9657142856,2395690.051
2024-12-13,2781219.51,4,12,0,2021580.3014285713,2382650.7373333336
2024-12-14,1971930.1099999999,5,12,0,2057764.5085714285,2345419.725333333
2024-12-15,1953921.52,6,12,0,2074659.4614285715,2348769.131
2024-12-16,2441663.13,0,12,0,2152683.2957142857,2299754.890333333
2024-12-17,3111358.4699999997,1,12,0,2295420.398571429,2303413.3043333334
2024-12-18,1240676.28,2,12,0,2205758.0757142855,2259399.2286666664
2024-12-19,2053297.38,3,12,0,2222009.4857142856,2252412.154666667
2024-12-20,1834195.03,4,12,0,2086720.2742857144,2249726.4820000003
2024-12-21,1836175.99,5,12,0,2067326.8285714283,2235719.593
2024-12-22,1589899.6,6,12,0,2015323.697142857,2213213.583666667
2024-12-23,1797720.96,0,12,0,1923331.9585714287,2159736.8393333335
2024-12-24,1899952.72,1,12,0,1750273.994285714,2174464.969666667
2024-12-25,1864205.6199999999,2,12,0,1839349.6142857145,2153266.3333333335
2024-12-26,1906494.44,3,12,0,1818377.7657142857,2141544.8836666667
2024-12-27,1967797.96,4,12,0,1837463.8985714284,2115045.5833333335
2024-12-28,2380547.04,5,12,0,1915231.1914285715,2144216.06
2024-12-29,2609582.47,6,12,0,2060900.172857143,2150106.3073333334
2024-12-30,2193767.41,0,12,0,2117478.237142857,2119571.813
2024-12-31,2141886.88,1,12,1,2152040.2600000002,2081287.2233333334
2025-01-01,1839434.1199999999,2,1,0,2148501.4742857143,2089749.5253333333
2025-01-02,2241039.53,3,1,0,2196293.63,2083155.249
2025-01-03,1459015.14,4,1,0,2123610.37,2037822.175
2025-01-04,2680460.25,5,1,0,2166455.1142857145,2048663.9773333333
2025-01-05,3162426.82,6,1,0,2245432.8785714284,2077617.032666667
2025-01-06,1560509.88,0,1,0,2154967.517142857,2072346.0066666666
2025-01-07,2048992.79,1,1,0,2141696.9328571428,2079457.2046666665
2025-01-08,1850555.59,2,1,0,2143285.714285714,2077959.1813333333
2025-01-09,1610053.54,3,1,0,2053144.8585714286,2061221.0076666665
2025-01-10,2557929.71,4,1,0,2210132.654285714,2084208.2466666666
2025-01-11,2645421.3,5,1,0,2205127.09,2107737.706333333
2025-01-12,1825859.64,6,1,0,2014188.9214285717,2075892.3773333333
2025-01-13,2473843.58,0,1,0,2144665.1642857143,2092622.826333333
2025-01-14,1822769.78,1,1,0,2112347.5914285714,2088251.1016666666
2025-01-15,1867903.68,2,1,0,2114825.89,2069125.7866666664
2025-01-16,2023859.22,3,1,0,2173940.987142857,2032875.8116666668
2025-01-17,3113417.9,4,1,0,2253296.4428571425,2095300.5323333333
2025-01-18,2510125.04,5,1,0,2233968.4057142856,2110528.1210000003
2025-01-19,2046245.13,6,1,0,2265452.0471428568,2117596.4576666667
2025-01-20,2036059.83,0,1,0,2202911.511428572,2124259.2523333333
2025-01-21,2221372.48,1,1,0,2259854.754285714,2145308.348333333
2025-01-22,1895702.1,2,1,0,2263825.957142857,2148574.3863333333
2025-01-23,2395874.2,3,1,0,2316970.9542857143,2165105.1023333333
2025-01-24,1847462.93,4,1,0,2136120.2442857143,2164547.012666667
2025-01-25,1713163.32,5,1,0,2022268.57,2158102.642
2025-01-26,1588002.57,6,1,0,1956805.347142857,2145442.7956666667
2025-01-27,3120291.26,0,1,0,2111695.551428572,2170100.9363333336
2025-01-28,1468373.1,1,1,0,2004124.2114285715,2132060.624
2025-01-29,3239884.42,2,1,0,2196150.257142857,2166931.191
2025-01-30,1000182.2000000001,3,1,0,1996765.6857142858,2128874.368333333
2025-01-31,2667565.13,4,1,1,2113923.1428571427,2156478.7353333333
2025-02-01,2007702.59,5,2,0,2156000.181428571,2148700.837333333
2025-02-02,893544.26,6,2,0,2056791.8514285716,2129851.8079999997
2025-02-03,1674089.37,0,2,0,1850191.5814285714,2096306.112
2025-02-04,1104768.84,1,2,0,1798248.1157142858,2027717.5126666664
2025-02-05,1105003.15,2,2,0,1493265.0771428572,2012533.9550000003
2025-02-06,1698164.1700000002,3,2,0,1592976.7871428572,2000839.6676666667
2025-02-07,2930399.67,4,2,0,1630524.5785714288,2036834.4703333334
2025-02-08,990911.6,5,2,0,1485268.722857143,2016196.4056666668
2025-02-09,1760513.67,6,2,0,1609121.4957142859,1989615.871
2025-02-10,1855695.43,0,2,0,1635065.2185714284,1963291.6753333334
2025-02-11,2277196.76,1,2,0,1802554.9214285712,1978336.246
2025-02-12,1493672.08,2,2,0,1858079.0542857142,1945663.8626666665
2025-02-13,1759615.41,3,2,0,1866857.8028571426,1943558.7170000002
2025-02-14,1141025.77,4,2,0,1611232.9600000002,1919329.4533333334
2025-02-15,995127.47,5,2,0,1611835.2271428572,1885038.3949999998
2025-02-16,1682321.52,6,2,0,1600664.9200000002,1837335.1823333332
2025-02-17,473187.42,0,2,0,1403163.775714286,1769437.2616666667
2025-02-18,1096829.3800000001,1,2,0,1234539.8642857145,1737790.0699999998
2025-02-19,1678509.42,2,2,0,1260945.1985714287,1725871.723
2025-02-20,1087042.0,3,2,0,1164863.2828571429,1688060.707
2025-02-21,1728469.32,4,2,0,1248783.7900000003,1682486.281
2025-02-22,1315086.98,5,2,0,1294492.2914285713,1646460.0403333334
2025-02-23,1660157.61,6,2,0,1291326.0185714287,1640216.5296666666
2025-02-24,1186207.95,0,2,0,1393186.0942857142,1622651.3506666666
2025-02-25,1967677.26,1,2,0,1517592.934285714,1635307.1736666667
2025-02-26,1617548.76,2,2,0,1508884.2685714285,1585215.757
2025-02-27,1772187.03,3,2,0,1606762.1300000001,1595342.888
2025-02-28,1966283.18,4,2,1,1640735.5385714285,1552889.5133333334
2025-03-01,1045500.71,5,3,0,1602223.2142857143,1554400.1303333335
2025-03-02,2147406.09,6,3,0,1671830.14,1537061.4956666667
2025-03-03,1416778.3599999999,0,3,0,1704768.77,1517364.0213333333
2025-03-04,2116704.9899999998,1,3,0,1726058.4457142856,1558136.0456666665
2025-03-05,1532958.14,2,3,0,1713974.0714285714,1553431.6713333332
2025-03-06,1629213.8699999999,3,3,0,1693549.334285714,1570913.1723333334
2025-03-07,2755254.46,4,3,0,1806259.517142857,1625921.5493333333
2025-03-08,1597576.7,5,3,0,1885127.5157142857,1622568.633666667
2025-03-09,1545753.4,6,3,0,1799177.1314285714,1576413.7580000001
2025-03-10,2600505.0100000002,0,3,0,1968280.9385714284,1630066.8716666666
2025-03-11,2189300.73,1,3,0,1978651.7585714287,1644359.7736666664
2025-03-12,2101483.59,2,3,0,2059869.68,1652552.7123333332
2025-03-13,1515412.27,3,3,0,2043612.3085714285,1627159.896
2025-03-14,1852446.99,4,3,0,1914639.8128571429,1639119.0596666667
2025-03-15,1374099.89,5,3,0,1882714.5542857142,1626268.5423333333
2025-03-16,1443225.46,6,3,0,1868067.7057142856,1636341.8653333334
2025-03-17,1724562.37,0,3,0,1742933.0428571429,1660656.362
2025-03-18,1622004.63,1,3,0,1661890.7428571428,1658645.7989999999
2025-03-19,1851027.44,2,3,0,1626111.2928571426,1704573.7996666664
2025-03-20,1514613.6,3,3,0,1625997.197142857,1718499.9403333333
2025-03-21,1568664.85,4,3,0,1585456.8914285714,1714838.4546666667
2025-03-22,3507990.12,5,3,0,1890298.352857143,1795536.7253333332
2025-03-23,904615.35,6,3,0,1813354.0514285713,1768074.9263333334
2025-03-24,1183789.7,0,3,0,1736100.8128571429,1763698.3503333332
2025-03-25,891064.3400000001,1,3,0,1631680.7714285715,1738061.9079999998
2025-03-26,2497058.9,2,3,0,1723970.98,1781756.9396666666
2025-03-27,2431712.66,3,3,0,1854985.1314285712,1797224.7863333332
2025-03-28,1939139.3900000001,4,3,0,1907910.0657142855,1807944.474
2025-03-29,1262715.1099999999,5,3,0,1587156.4928571428,1790962.0766666667
2025-03-30,2493568.57,6,3,0,1814149.81,1808538.2563333332
2025-03-31,882217.23,0,3,1,1771068.0285714285,1803095.4736666665
2025-04-01,1255525.1,1,4,0,1823133.8514285714,1773366.1073333332
2025-04-02,2433576.32,2,4,0,1814064.9114285712,1807259.3726666667
2025-04-03,1133168.48,3,4,0,1628558.5999999999,1774474.822333333
2025-04-04,876875.13,4,4,0,1476806.5628571429,1752605.3886666666
2025-04-05,1493443.09,5,4,0,1509767.7028571425,1748079.696
2025-04-06,2079433.1400000001,6,4,0,1450605.4985714287,1725552.3186666667
2025-04-07,1277674.83,0,4,0,1507099.4414285715,1714888.923
2025-04-08,1477756.78,1,4,0,1538846.8242857144,1712622.369
2025-04-09,1588915.01,2,4,0,1418180.922857143,1678902.7023333334
2025-04-10,3024386.08,3,4,0,1688354.8657142858,1706738.8806666667
2025-04-11,1763923.6099999999,4,4,0,1815076.0771428572,1695486.8813333332
2025-04-12,1657415.66,5,4,0,1838500.73,1700220.3276666668
2025-04-13,2297906.54,6,4,0,1869711.2157142858,1715068.9793333334
2025-04-14,2366109.87,0,4,0,2025201.9357142858,1748135.9786666667
2025-04-15,1603481.16,1,4,0,2043162.5614285714,1753477.8353333334
2025-04-16,1318594.09,2,4,0,2004545.2871428572,1739945.5593333333
2025-04-17,1563055.77,3,4,0,1795783.8142857142,1737980.5973333335
2025-04-18,1801232.55,4,4,0,1801113.662857143,1736320.7676666668
2025-04-19,1471609.75,5,4,0,1774569.9614285715,1734887.306
2025-04-20,1773685.3800000001,6,4,0,1699681.2242857143,1741721.3236666666
2025-04-21,1258943.61,0,4,0,1541514.6157142858,1666753.1066666667
2025-04-22,1629220.11,1,4,0,1545191.6085714286,1690906.5986666668
2025-04-23,2153472.85,2,4,0,1664460.0028571428,1723229.3703333333
2025-04-24,550661.01,3,4,0,1519832.1800000002,1711882.5926666667
2025-04-25,1497141.3499999999,4,4,0,1476390.58,1678552.0076666668
2025-04-26,1555642.49,5,4,0,1488395.2571428572,1649349.6686666668
2025-04-27,2107398.8,6,4,0,1536068.602857143,1654958.3156666667
2025-04-28,1979054.24,0,4,0,1638941.55,1678836.2866666666
2025-04-29,1997147.16,1,4,0,1691502.5571428572,1662288.9063333333
2025-04-30,1305428.94,2,4,1,1570353.427142857,1676395.9633333336
2025-05-01,1926121.18,3,5,0,1766847.737142857,1698749.1660000002
2025-05-02,1218839.31,4,5,0,1727090.3028571426,1658257.9323333332
2025-05-03,1337362.49,5,5,0,1695907.4457142856,1665064.3993333334
2025-05-04,1184798.3800000001,6,5,0,1564107.3857142855,1675328.5076666668
2025-05-05,1747147.73,0,5,0,1530977.8842857142,1683785.329
2025-05-06,2055376.92,1,5,0,1539296.4214285712,1682983.4549999998
2025-05-07,1457706.5,2,5,0,1561050.3585714286,1688984.5106666668
2025-05-08,1808303.59,3,5,0,1544219.2742857144,1700002.7376666665
2025-05-09,1194427.69,4,5,0,1540731.9000000001,1686853.1603333333
2025-05-10,2678605.37,5,5,0,1732338.0257142857,1675327.1366666667
2025-05-11,1102341.06,6,5,0,1720558.4085714289,1653274.3850000002
2025-05-12,2353264.55,0,5,0,1807146.5257142857,1676469.348
2025-05-13,2264896.34,1,5,0,1837077.8714285714,1675369.0080000001
2025-05-14,2050081.6,2,5,0,1921702.8857142855,1664834.7323333332
2025-05-15,2359085.87,3,5,0,2000386.0685714285,1690021.556
2025-05-16,2375356.14,4,5,0,2169090.132857143,1725246.9576666667
2025-05-17,2054025.8399999999,5,5,0,2079864.4857142859,1741612.6266666665
2025-05-18,1937520.04,6,5,0,2199175.7685714285,1746155.543
2025-05-19,1652514.03,0,5,0,2099068.551428572,1752185.6856666666
2025-05-20,2379422.9899999998,1,5,0,2115429.5014285715,1772376.9393333334
2025-05-21,2056411.06,2,5,0,2116333.71,1798959.1876666667
2025-05-22,1224800.87,3,5,0,1954292.9957142859,1785478.5463333332
2025-05-23,2247351.13,4,5,0,1936006.5657142855,1788607.8223333333
2025-05-24,1445054.96,5,5,0,1849010.7257142856,1818420.954
2025-05-25,1331284.46,6,5,0,1762405.642857143,1812892.3909999998
2025-05-26,1724404.43,0,5,0,1772675.6999999997,1818517.7889999999
2025-05-27,2179749.16,1,5,0,1744150.8671428573,1820929.4676666667
2025-05-28,1327536.07,2,5,0,1640025.8685714286,1799212.1953333332
2025-05-29,1659435.35,3,5,0,1702116.5085714287,1787955.1350000002
2025-05-30,1237417.3,4,5,0,1557840.2471428572,1785688.0803333332
2025-05-31,2169549.66,5,5,1,1661339.49,1793802.3630000001
2025-06-01,1331244.89,6,6,0,1661333.8371428573,1797549.2156666666
2025-06-02,1939735.82,0,6,0,1692095.4642857146,1817628.3266666667
2025-06-03,2201474.23,1,6,0,1695199.0457142857,1851517.5216666667
2025-06-04,1708998.02,2,6,0,1749693.61,1850245.8646666666
2025-06-05,1965491.36,3,6,0,1793415.897142857,1847249.6793333334
2025-06-06,680136.32,4,6,0,1713804.3285714288,1821330.673333333
2025-06-07,2588248.02,5,6,0,1773618.3800000001,1847328.821
2025-06-08,952383.8500000001,6,6,0,1719495.3742857145,1839260.693
2025-06-09,2349259.15,0,6,0,1777998.7071428571,1828282.4856666666
2025-06-10,1073593.84,1,6,0,1616872.937142857,1827324.245
2025-06-11,2206891.97,2,6,0,1688000.6442857143,1822445.1590000002
2025-06-12,1039932.3099999999,3,6,0,1555777.922857143,1781613.0246666665
2025-06-13,1884170.57,4,6,0,1727782.815714286,1776082.6570000001
2025-06-14,1858121.14,5,6,0,1623478.9757142856,1759383.8326666665
2025-06-15,1491844.29,6,6,0,1700544.752857143,1729933.4376666665
2025-06-16,1492606.9200000002,0,6,0,1578165.862857143,1711219.4736666668
2025-06-17,1312486.6199999999,1,6,0,1612293.402857143,1690385.0263333335
2025-06-18,2469470.92,2,6,0,1649804.6814285715,1717616.9226666666
2025-06-19,1394600.73,3,6,0,1700471.5985714286,1684789.514
2025-06-20,2123714.78,4,6,0,1734692.2,1687032.9713333333
2025-06-21,1250378.08,5,6,0,1647871.7628571428,1687885.5450000002
2025-06-22,1360066.5,6,6,0,1629046.3642857142,1658309.3906666667
2025-06-23,1352503.3,0,6,0,1609031.5614285714,1655224.3353333334
2025-06-24,1516761.8,1,6,0,1638213.73,1661406.9133333336
2025-06-25,1639300.96,2,6,0,1519618.0214285715,1658570.131
2025-06-26,1797705.07,3,6,0,1577204.3557142857,1645835.328
2025-06-27,670146.5,4,6,0,1369551.7442857143,1623922.342333333
2025-06-28,2291172.91,5,6,0,1518236.72,1644980.261
2025-06-29,1182696.15,6,6,0,1492898.0985714286,1643156.2226666666
2025-06-30,1544289.22,0,6,1,1520296.087142857,1622314.2079999999
2025-07-01,1613494.47,1,7,0,1534115.0400000003,1631722.5273333334
2025-07-02,1814760.18,2,7,0,1559180.642857143,1627556.6726666666
2025-07-03,1062115.84,3,7,0,1454096.4671428571,1589578.0596666667
2025-07-04,1652678.95,4,7,0,1594458.2457142856,1587700.7573333336
2025-07-05,1502611.11,5,7,0,1481806.5599999998,1572271.4156666666
2025-07-06,2081833.21,6,7,0,1610254.7114285715,1618994.6453333334
2025-07-07,1320835.48,0,7,0,1578332.7485714287,1576747.5606666666
2025-07-08,1936091.6099999999,1,7,0,1624418.0542857142,1609537.8193333333
2025-07-09,688999.51,2,7,0,1463595.1014285714,1554195.8313333332
2025-07-10,2771054.97,3,7,0,1707729.2628571428,1610777.8689999997
2025-07-11,1459805.81,4,7,0,1680175.9571428574,1585874.997
2025-07-12,2317242.42,5,7,0,1796551.8585714286,1628452.0006666668
2025-07-13,2974615.68,6,7,0,1924092.2114285715,1664800.171
2025-07-14,1116839.48,0,7,0,1894949.9257142858,1640090.7823333333
2025-07-15,2411052.11,1,7,0,1962801.4257142858,1670731.0430000003
2025-07-16,1617350.4,2,7,0,2095422.9814285715,1674889.1590000002
2025-07-17,1104337.51,3,7,0,1857320.4871428572,1667950.8553333331
2025-07-18,1587924.2,4,7,0,1875623.1142857142,1638565.964666667
2025-07-19,843304.53,5,7,0,1665060.5585714285,1620189.4246666664
2025-07-20,1907333.58,6,7,0,1512591.6871428571,1612976.7179999999
2025-07-21,1560794.98,0,7,0,1576013.9014285712,1623323.9479999999
2025-07-22,1860835.1,1,7,0,1497411.4714285715,1640016.2346666667
2025-07-23,1220451.03,2,7,0,1440711.5614285714,1635614.4923333335
2025-07-24,1147653.94,3,7,0,1446899.6228571427,1623310.8969999999
2025-07-25,1702887.71,4,7,0,1463322.9814285715,1625430.4553333335
2025-07-26,1154239.74,5,7,0,1507742.2971428572,1603981.6110000003
2025-07-27,1116985.29,6,7,0,1394835.3985714284,1618876.2373333336
2025-07-28,745041.84,0,7,0,1278299.2357142859,1567338.535
2025-07-29,1364703.2,1,7,0,1207423.25,1573405.4366666668
2025-07-30,1420916.41,2,7,0,1236061.1614285712,1569293.0096666666
2025-07-31,2858970.96,3,7,1,1480535.0214285715,1610808.8926666668
2025-08-01,1479776.92,4,8,0,1448662.0514285713,1599642.7840000002
2025-08-02,1878896.67,5,8,0,1552184.47,1626868.8116666668
2025-08-03,1838936.31,6,8,0,1655320.33,1633077.390333333
2025-08-04,1318467.42,0,8,0,1737238.27,1626939.2673333331
2025-08-05,1412766.66,1,8,0,1744104.4785714287,1604637.049
2025-08-06,2607106.75,2,8,0,1913560.2414285715,1647512.7580000001
2025-08-07,1173701.97,3,8,0,1672807.5285714285,1622099.77
2025-08-08,1347974.6199999999,4,8,0,1653978.6285714284,1644065.607
2025-08-09,1757236.47,5,8,0,1636598.5999999999,1610271.657
2025-08-10,1600423.4,6,8,0,1602525.327142857,1614958.91
2025-08-11,2327810.53,0,8,0,1746717.1999999997,1615311.1803333333
2025-08-12,2551522.41,1,8,0,1909396.5928571427,1601208.0713333334
2025-08-13,735863.33,2,8,0,1642076.104285714,1588508.8663333333
2025-08-14,1986082.81,3,8,0,1758130.51,1574343.223
2025-08-15,1441232.91,4,8,0,1771453.1228571427,1568472.64
2025-08-16,1808482.13,5,8,0,1778773.9314285715,1591944.1273333333
2025-08-17,1820004.51,6,8,0,1810142.6614285712,1599680.1376666664
2025-08-18,2132394.82,0,8,0,1782226.1314285714,1642649.814
2025-08-19,1187400.8699999999,1,8,0,1587351.6257142855,1618652.0569999998
2025-08-20,1628850.02,2,8,0,1714921.152857143,1620920.5583333333
2025-08-21,768877.56,3,8,0,1541034.6885714284,1584521.9736666668
2025-08-22,1340984.56,4,8,0,1526713.4957142856,1588539.758
2025-08-23,2434565.69,5,8,0,1616154.0042857144,1631436.8163333335
2025-08-24,1885353.84,6,8,0,1625489.622857143,1637519.0206666666
2025-08-25,1677704.53,0,8,0,1560533.8671428573,1654967.8469999998
2025-08-26,2089167.12,1,8,0,1689357.6171428573,1687373.9079999998
2025-08-27,1523863.95,2,8,0,1674359.607142857,1713334.645
2025-08-28,1555733.73,3,8,0,1786767.6314285717,1719702.329333333
2025-08-29,2031397.07,4,8,0,1885397.99,1740051.6846666667
2025-08-30,1403686.9,5,8,0,1738129.5914285711,1691542.2160000002
2025-08-31,1897883.3599999999,6,8,1,1739919.5228571428,1705479.0973333335
2025-09-01,1462913.92,0,9,0,1709235.1500000001,1691613.0056666664
2025-09-02,2916708.19,1,9,0,1827455.3028571426,1727538.735
2025-09-03,2349774.52,2,9,0,1945442.527142857,1761915.6383333332
2025-09-04,2013374.8699999999,3,9,0,2010819.8328571427,1781935.912
2025-09-05,1631675.34,4,9,0,1953716.7285714282,1749421.5316666665
2025-09-06,1743908.19,5,9,0,2002319.77,1768428.4056666666
2025-09-07,1740044.88,6,9,0,1979771.4157142858,1781497.4143333333
2025-09-08,2681590.16,0,9,0,2153868.021428571,1812309.2040000001
2025-09-09,1621627.74,1,9,0,1968856.5285714285,1813016.0153333333
2025-09-10,2581050.18,2,9,0,2001895.9085714284,1821457.337
2025-09-11,2363331.34,3,9,0,2051889.6900000002,1815184.3013333334
2025-09-12,2120938.64,4,9,0,2121784.447142857,1861353.4783333333
2025-09-13,1255408.11,5,9,0,2051998.7214285715,1836997.655
2025-09-14,1366066.17,6,9,0,1998573.1914285717,1834492.097
2025-09-15,1639142.42,0,9,0,1849652.085714286,1828847.44
2025-09-16,2242741.06,1,9,0,1938382.5600000003,1842938.6583333334
2025-09-17,2019919.46,2,9,0,1858221.0285714287,1839189.4796666666
2025-09-18,2896368.09,3,9,0,1934369.1357142855,1896155.0536666666
2025-09-19,2582695.17,4,9,0,2000334.3542857144,1927949.892
2025-09-20,1996619.01,5,9,0,2106221.6257142858,1968874.607
2025-09-21,1940972.54,6,9,0,2188351.1071428573,1988874.2063333334
2025-09-22,2458466.23,0,9,0,2305397.3657142855,1989670.8909999998
2025-09-23,1818548.22,1,9,0,2244798.3885714286,1987444.037
2025-09-24,1980737.24,2,9,0,2239200.9285714286,1997545.1273333333
2025-09-25,2295729.58,3,9,0,2153395.427142857,2004430.5426666667
2025-09-26,1379822.86,4,9,0,1981556.5257142857,1999629.173
2025-09-27,2381291.56,5,9,0,2036509.7471428572,2027147.7673333334
2025-09-28,1141462.76,6,9,0,1922294.0642857142,1997483.2903333334
2025-09-29,1264271.36,0,9,0,1751694.797142857,1992836.1056666665
2025-09-30,2356609.3,1,9,1,1828560.6657142858,2008126.9703333334
2025-10-01,2641217.2399999998,2,10,0,1922914.9514285715,2047403.7476666667
2025-10-02,1514730.51,3,10,0,1811343.6557142858,2000671.1583333334
2025-10-03,2908721.07,4,10,0,2029757.6857142858,2019302.7100000002
2025-10-04,1869316.67,5,10,0,1956618.4157142858,2014500.7699999998
2025-10-05,2686944.77,6,10,0,2177401.56,2049676.4176666667
2025-10-06,2939995.09,0,10,0,2416790.6642857143,2089545.981
2025-10-07,1658477.78,1,10,0,2317057.59,2086827.0776666666
2025-10-08,1672765.64,2,10,0,2178707.3614285714,2053199.5936666664
2025-10-09,1901825.88,3,10,0,2234006.6999999997,2062539.5316666667
2025-10-10,1689832.32,4,10,0,2059879.7357142854,2032832.2696666669
2025-10-11,1656588.36,5,10,0,2029489.9771428572,2009274.1703333333
2025-10-12,1679067.64,6,10,0,1885507.5299999998,1994545.1369999999
2025-10-13,1883618.18,0,10,0,1734596.5428571426,2015485.4726666666
2025-10-14,2672197.75,1,10,0,1879413.6814285715,2059023.192
2025-10-15,1603934.74,2,10,0,1869580.6957142856,2057849.602666667
2025-10-16,2233778.11,3,10,0,1917002.442857143,2057550.8376666668
2025-10-17,2321488.38,4,10,0,2007239.0228571428,2067603.135
2025-10-18,2242672.53,5,10,0,2090965.332857143,2045813.2829999998
2025-10-19,2181776.63,6,10,0,2162780.902857143,2032449.3316666668
2025-10-20,2983192.56,0,10,0,2319862.957142857,2065335.1166666665
2025-10-21,1718055.64,1,10,0,2183556.9414285715,2057904.5533333332
2025-10-22,3184735.6,2,10,0,2409385.6357142855,2082113.5323333333
2025-10-23,2178598.56,3,10,0,2401502.8428571434,2094115.2103333334
2025-10-24,2154319.5300000003,4,10,0,2377621.5785714285,2099901.2866666666
2025-10-25,3085264.58,5,10,0,2497991.8714285716,2126219.12
2025-10-26,2289188.85,6,10,0,2513336.4742857143,2156531.319666667
2025-10-27,2625138.62,0,10,0,2462185.9114285717,2164659.555
2025-10-28,3823010.75,1,10,0,2762893.7842857144,2254044.488
2025-10-29,2488986.06,2,10,0,2663500.992857143,2294868.3113333336
2025-10-30,2714906.27,3,10,0,2740116.38,2306811.543666667
2025-10-31,2714004.46,4,10,1,2820071.37,2309237.7843333334
2025-11-01,2402004.7800000003,5,11,0,2722462.827142857,2338813.5933333333
2025-11-02,2480076.0,6,11,0,2749732.4200000004,2324525.4243333335
2025-11-03,2611863.72,0,11,0,2747836.0057142857,2349276.992666667
2025-11-04,2153954.12,1,11,0,2509399.3442857144,2331510.637666667
2025-11-05,2381891.36,2,11,0,2494100.1014285716,2312907.18
2025-11-06,2911211.19,3,11,0,2522143.6614285717,2354664.9603333334
2025-11-07,2203391.89,4,11,0,2449199.0085714287,2372352.502
2025-11-08,1265946.8,5,11,0,2286905.0114285713,2351156.532666667
2025-11-09,3367688.22,6,11,0,2413706.757142857,2407085.0626666667
2025-11-10,2190472.01,0,11,0,2353507.9414285715,2424881.1843333333
2025-11-11,3059444.52,1,11,0,2482863.7128571426,2470893.747
2025-11-12,2437443.4,2,11,0,2490799.7185714287,2489354.587666667
2025-11-13,2614987.03,3,11,0,2448481.9814285715,2487447.563666667
2025-11-14,3155685.31,4,11,0,2584523.8985714284,2539172.5826666667
2025-11-15,2422605.82,5,11,0,2749760.9014285714,2545466.8396666665
2025-11-16,2066907.1300000001,6,11,0,2563935.0314285713,2536980.798
2025-11-17,3588114.89,0,11,0,2763598.3,2581828.8766666665
2025-11-18,2220672.03,1,11,0,2643773.6585714286,2583125.39
2025-11-19,2144913.33,2,11,0,2601983.6485714284,2555182.749
2025-11-20,1835007.17,3,11,0,2490557.9542857143,2559081.1333333333
2025-11-21,3010843.91,4,11,0,2469866.325714286,2553284.743666666
2025-11-22,2147575.7,5,11,0,2430576.3085714285,2552250.6483333334
2025-11-23,2184440.43,6,11,0,2447366.7800000003,2553254.6783333337
2025-11-24,2346611.73,0,11,0,2270009.1857142854,2528632.916666667
2025-11-25,1744785.26,1,11,0,2202025.3614285714,2510486.1303333333
2025-11-26,3299133.63,2,11,0,2366913.975714286,2532952.630666666
2025-11-27,1996362.77,3,11,0,2389964.7757142857,2472064.3646666664
2025-11-28,4254865.17,4,11,0,2567682.098571428,2530927.001666667
2025-11-29,2909516.25,5,11,0,2676530.748571429,2537414.001
2025-11-30,2115985.29,6,11,1,2666751.442857143,2517480.0286666667
2025-12-01,1415120.48,0,12,0,2533681.2642857144,2484583.8853333336
2025-12-02,1989464.94,1,12,0,2568635.5042857146,2468230.183333333
2025-12-03,2711279.83,2,12,0,2484656.39,2471544.0536666666
2025-12-04,1645502.37,3,12,0,2434533.4757142854,2454595.662
2025-12-05,2649885.68,4,12,0,2205250.6914285715,2463528.806
2025-12-06,1968070.24,5,12,0,2070758.4042857143,2432090.7743333336
2025-12-07,2071570.28,6,12,0,2064413.402857143,2427696.720666667
2025-12-08,2049731.93,0,12,0,2155072.1814285717,2453822.8916666666
2025-12-09,3089812.07,1,12,0,2312264.628571429,2444560.3533333335
2025-12-10,2214238.54,2,12,0,2241258.73,2445352.571
2025-12-11,1993372.59,3,12,0,2290954.475714286,2409816.8400000003
2025-12-12,1683682.06,4,12,0,2152925.387142857,2384691.462
2025-12-13,2328404.7,5,12,0,2204401.7385714287,2375138.7176666665
2025-12-14,1801755.35,6,12,0,2165856.7485714285,2330007.7189999996
2025-12-15,2359909.16,0,12,0,2210167.7814285713,2327917.830333333
2025-12-16,1358841.44,1,12,0,1962886.262857143,2304315.6406666664
2025-12-17,1570131.58,2,12,0,1870870.982857143,2237049.530333333
2025-12-18,2250568.7399999998,3,12,0,1907613.2900000003,2238046.0873333337
2025-12-19,2602995.57,4,12,0,2038943.7914285713,2253315.4953333335
2025-12-20,1433196.33,5,12,0,1911056.8814285717,2239921.800666667
2025-12-21,2566680.39,6,12,0,2020331.887142857,2225116.35
2025-12-22,1568448.37,0,12,0,1907266.06,2205812.1056666663
2025-12-23,1205436.29,1,12,0,1885351.0385714285,2173178.6343333335
2025-12-24,2827426.19,2,12,0,2064964.5542857142,2189205.7830000003
2025-12-25,2386076.7399999998,3,12,0,2084322.8399999999,2210582.165666667
2025-12-26,2340827.78,4,12,0,2046870.2985714285,2178638.637333333
2025-12-27,1999905.76,5,12,0,2127828.788571429,2178756.737
2025-12-28,1601447.94,6,12,0,1989938.4385714286,2090309.496
2025-12-29,2242943.77,0,12,0,2086294.924285714,2068090.4133333336
2025-12-30,2380607.93,1,12,0,2254176.5871428573,2076911.1680000003
2025-12-31,1557083.52,2,12,1,2072699.0628571424,2081643.2693333332
